{"name":"bc0a3b9e-3423-425c-8a3c-0d95c1527db8","id":"/providers/Microsoft.Flow/flows/bc0a3b9e-3423-425c-8a3c-0d95c1527db8","type":"Microsoft.Flow/flows","properties":{"apiId":"/providers/Microsoft.PowerApps/apis/shared_logicflows","displayName":"When an item is created -> Enviar um email (V2)","definition":{"metadata":{"workflowEntityId":null,"processAdvisorMetadata":null,"flowChargedByPaygo":null,"flowclientsuspensionreason":"None","flowclientsuspensiontime":null,"flowclientsuspensionreasondetails":null,"creator":{"id":"4fe865e2-586b-4d0b-ad90-16ee50170706","type":"User","tenantId":"81ca91d1-14ed-47e8-8d26-15949058c3c3"},"provisioningMethod":"FromDefinition","failureAlertSubscription":true,"clientLastModifiedTime":"2025-05-20T00:20:53.217143Z","connectionKeySavedTimeKey":"2025-05-20T00:20:53.217143Z","creationSource":null,"modifiedSources":"Portal"},"$schema":"https://schema.management.azure.com/providers/Microsoft.Logic/schemas/2016-06-01/workflowdefinition.json#","contentVersion":"1.0.0.0","parameters":{"$authentication":{"defaultValue":{},"type":"SecureObject"},"$connections":{"defaultValue":{},"type":"Object"}},"triggers":{"When_an_item_is_created":{"recurrence":{"frequency":"Minute","interval":15},"splitOn":"@triggerOutputs()?['body/value']","metadata":{"operationMetadataId":"6b54600e-b602-491a-8978-a454f61240e4"},"type":"OpenApiConnection","inputs":{"parameters":{"dataset":"https://sicoob.sharepoint.com/sites/Protees_coop","table":"desenvolvimento_pes"},"host":{"apiId":"/providers/Microsoft.PowerApps/apis/shared_sharepointonline","connectionName":"shared_sharepointonline","operationId":"GetOnNewItems"},"authentication":"@parameters('$authentication')"}}},"actions":{"Enviar_um_email_(V2)":{"runAfter":{},"metadata":{"operationMetadataId":"506b4ff0-70f1-4616-a6c0-b46990865d53"},"type":"OpenApiConnection","inputs":{"parameters":{"emailMessage/To":"joelson.estumano@sicoob.com.br;luiza.lisboa@sicoob.com.br;danielles.silva@sicoob.com.br;rutilene.machado@sicoob.com.br","emailMessage/Subject":"Novo Cadastro Realizado no App Proteções","emailMessage/Body":"<p class=\"editor-paragraph\">Olá, tudo bem ? Espero encontra-los bem !<br>Apenas para informar que houve novo cadastro no app<br>Luiza Lisboa<br><br>Produto:@{triggerOutputs()?['body/produtos_servi_x00e7_os']}<br><br>Criado por: @{triggerOutputs()?['body/Author/Claims']}<br><br>Valor Proteção:@{triggerBody()?['valor_prote_x00e7__x00e3_o']}</p><br><p class=\"editor-paragraph\">CPF/CNPJ Cooperado: @{triggerBody()?['cpf_cnpjcoop0']}</p><br>","emailMessage/Importance":"Normal"},"host":{"apiId":"/providers/Microsoft.PowerApps/apis/shared_office365","connectionName":"shared_office365_1","operationId":"SendEmailV2"},"authentication":"@parameters('$authentication')"}}}},"connectionReferences":{"shared_sharepointonline":{"connectionName":"shared-sharepointonl-d929835a-cfba-4c0e-bbff-436d85584a3f","source":"Embedded","id":"/providers/Microsoft.PowerApps/apis/shared_sharepointonline","tier":"NotSpecified","apiName":"sharepointonline"},"shared_office365_1":{"connectionName":"shared-office365-b8a6f691-1427-417c-b607-3e1ebef87851","source":"Embedded","id":"/providers/Microsoft.PowerApps/apis/shared_office365","tier":"NotSpecified","apiName":"office365"}},"flowFailureAlertSubscribed":false,"isManaged":false}}